name,url,cr,type,size,ac,hp,legendary,str,dex,con,int,wis,cha,fly,swim
aarakocra,https://www.aidedd.org/dnd/monstres.php?vo=aarakocra,0.25,humanoid (aarakocra),Medium,12,13,,10.0,14.0,10.0,11.0,12.0,11.0,Yes,No
aboleth,https://www.aidedd.org/dnd/monstres.php?vo=aboleth,10.0,aberration,Large,17,135,Legendary,21.0,9.0,15.0,18.0,15.0,18.0,No,No
acolyte,https://www.aidedd.org/dnd/monstres.php?vo=acolyte,0.25,humanoid (any race),Medium,10,9,,10.0,10.0,10.0,10.0,14.0,11.0,No,No
adult-black-dragon,https://www.aidedd.org/dnd/monstres.php?vo=adult-black-dragon,14.0,dragon,Huge,19,195,Legendary,23.0,14.0,21.0,14.0,13.0,17.0,Yes, swim
adult-blue-dragon,https://www.aidedd.org/dnd/monstres.php?vo=adult-blue-dragon,16.0,dragon,Huge,19,225,Legendary,25.0,10.0,23.0,16.0,15.0,19.0,Yes,No
adult-brass-dragon,https://www.aidedd.org/dnd/monstres.php?vo=adult-brass-dragon,13.0,dragon,Huge,18,172,Legendary,23.0,10.0,21.0,14.0,13.0,17.0,Yes,No
adult-bronze-dragon,https://www.aidedd.org/dnd/monstres.php?vo=adult-bronze-dragon,15.0,dragon,Huge,19,212,Legendary,25.0,10.0,23.0,16.0,15.0,19.0,Yes, swim
adult-copper-dragon,https://www.aidedd.org/dnd/monstres.php?vo=adult-copper-dragon,14.0,dragon,Huge,18,184,Legendary,23.0,12.0,21.0,18.0,15.0,17.0,Yes,No
adult-gold-dragon,https://www.aidedd.org/dnd/monstres.php?vo=adult-gold-dragon,17.0,dragon,Huge,19,256,Legendary,27.0,14.0,25.0,16.0,15.0,24.0,Yes, swim
adult-green-dragon,https://www.aidedd.org/dnd/monstres.php?vo=adult-green-dragon,15.0,dragon,Huge,19,207,Legendary,23.0,12.0,21.0,18.0,15.0,17.0,Yes, swim
adult-red-dragon,https://www.aidedd.org/dnd/monstres.php?vo=adult-red-dragon,17.0,dragon,Huge,19,256,Legendary,27.0,10.0,25.0,16.0,13.0,21.0,Yes,No
adult-silver-dragon,https://www.aidedd.org/dnd/monstres.php?vo=adult-silver-dragon,16.0,dragon,Huge,19,243,Legendary,27.0,10.0,25.0,16.0,13.0,21.0,Yes,No
adult-white-dragon,https://www.aidedd.org/dnd/monstres.php?vo=adult-white-dragon,13.0,dragon,Huge,18,200,Legendary,22.0,10.0,22.0,8.0,12.0,12.0,Yes, swim
air-elemental,https://www.aidedd.org/dnd/monstres.php?vo=air-elemental,5.0,elemental,Large,15,90,,14.0,20.0,14.0,6.0,10.0,6.0,Yes,No
allosaurus,https://www.aidedd.org/dnd/monstres.php?vo=allosaurus,2.0,beast,Large,13,51,,19.0,13.0,17.0,2.0,12.0,5.0,No,No
ancient-black-dragon,https://www.aidedd.org/dnd/monstres.php?vo=ancient-black-dragon,21.0,dragon,Gargantuan,22,367,Legendary,27.0,14.0,25.0,16.0,15.0,19.0,Yes, swim
ancient-blue-dragon,https://www.aidedd.org/dnd/monstres.php?vo=ancient-blue-dragon,23.0,dragon,Gargantuan,22,481,Legendary,29.0,10.0,27.0,18.0,17.0,21.0,Yes,No
ancient-brass-dragon,https://www.aidedd.org/dnd/monstres.php?vo=ancient-brass-dragon,20.0,dragon,Gargantuan,20,297,Legendary,27.0,10.0,25.0,16.0,15.0,19.0,Yes,No
ancient-bronze-dragon,https://www.aidedd.org/dnd/monstres.php?vo=ancient-bronze-dragon,22.0,dragon,Gargantuan,22,444,Legendary,29.0,10.0,27.0,18.0,17.0,21.0,Yes, swim
ancient-copper-dragon,https://www.aidedd.org/dnd/monstres.php?vo=ancient-copper-dragon,21.0,dragon,Gargantuan,21,350,Legendary,27.0,12.0,25.0,20.0,17.0,19.0,Yes,No
ancient-gold-dragon,https://www.aidedd.org/dnd/monstres.php?vo=ancient-gold-dragon,24.0,dragon,Gargantuan,22,546,Legendary,30.0,14.0,29.0,18.0,17.0,28.0,Yes, swim
ancient-green-dragon,https://www.aidedd.org/dnd/monstres.php?vo=ancient-green-dragon,22.0,dragon,Gargantuan,21,385,Legendary,27.0,12.0,25.0,20.0,17.0,19.0,Yes, swim
ancient-red-dragon,https://www.aidedd.org/dnd/monstres.php?vo=ancient-red-dragon,24.0,dragon,Gargantuan,22,546,Legendary,30.0,10.0,29.0,18.0,15.0,23.0,Yes,No
ancient-shadow,https://www.aidedd.org/dnd/monstres.php?vo=ancient-shadow,1.0,undead,Medium,13,32,,6.0,16.0,14.0,6.0,10.0,8.0,No,No
ancient-silver-dragon,https://www.aidedd.org/dnd/monstres.php?vo=ancient-silver-dragon,23.0,dragon,Gargantuan,22,487,Legendary,30.0,10.0,29.0,18.0,15.0,23.0,Yes,No
ancient-white-dragon,https://www.aidedd.org/dnd/monstres.php?vo=ancient-white-dragon,20.0,dragon,Gargantuan,20,333,Legendary,26.0,10.0,26.0,10.0,13.0,14.0,Yes, swim
androsphinx,https://www.aidedd.org/dnd/monstres.php?vo=androsphinx,17.0,monstrosity,Large,17,199,Legendary,22.0,10.0,20.0,16.0,18.0,23.0,Yes,No
animated-armor,https://www.aidedd.org/dnd/monstres.php?vo=animated-armor,1.0,construct,Medium,18,33,,14.0,11.0,13.0,1.0,3.0,1.0,No,No
ankheg,https://www.aidedd.org/dnd/monstres.php?vo=ankheg,2.0,monstrosity,Large,14,39,,17.0,11.0,13.0,1.0,13.0,6.0,No,No
ankylosaurus,https://www.aidedd.org/dnd/monstres.php?vo=ankylosaurus,3.0,beast,Huge,15,68,,19.0,11.0,15.0,2.0,12.0,5.0,No,No
annis-hag,https://www.aidedd.org/dnd/monstres.php?vo=annis-hag,6.0,fey,Large,17,75,,21.0,12.0,14.0,13.0,14.0,15.0,No,No
ape,https://www.aidedd.org/dnd/monstres.php?vo=ape,0.5,beast,Medium,12,19,,16.0,14.0,14.0,6.0,12.0,7.0,No,No
archmage,https://www.aidedd.org/dnd/monstres.php?vo=archmage,12.0,humanoid (any race),Medium,12,99,,10.0,14.0,12.0,20.0,15.0,16.0,No,No
assassin,https://www.aidedd.org/dnd/monstres.php?vo=assassin,8.0,humanoid (any race),Medium,15,78,,11.0,16.0,14.0,13.0,11.0,10.0,No,No
astral-dreadnought,https://www.aidedd.org/dnd/monstres.php?vo=astral-dreadnought,21.0,monstrosity (titan),Gargantuan,20,297,Legendary,28.0,7.0,25.0,5.0,14.0,18.0,Yes,No
aurochs,https://www.aidedd.org/dnd/monstres.php?vo=aurochs,2.0,beast,Large,11,38,,20.0,10.0,19.0,2.0,12.0,5.0,No,No
awakened-shrub,https://www.aidedd.org/dnd/monstres.php?vo=awakened-shrub,0.0,plant,Small,9,10,,3.0,8.0,11.0,10.0,10.0,6.0,No,No
awakened-tree,https://www.aidedd.org/dnd/monstres.php?vo=awakened-tree,2.0,plant,Huge,13,59,,19.0,6.0,15.0,10.0,10.0,7.0,No,No
axe-beak,https://www.aidedd.org/dnd/monstres.php?vo=axe-beak,0.25,beast,Large,11,19,,14.0,12.0,12.0,2.0,10.0,5.0,No,No
azer,https://www.aidedd.org/dnd/monstres.php?vo=azer,2.0,elemental,Medium,17,39,,17.0,12.0,15.0,12.0,13.0,10.0,No,No
baboon,https://www.aidedd.org/dnd/monstres.php?vo=baboon,0.0,beast,Small,12,3,,8.0,14.0,11.0,4.0,12.0,6.0,No,No
badger,https://www.aidedd.org/dnd/monstres.php?vo=badger,0.0,beast,Tiny,10,3,,4.0,11.0,12.0,2.0,12.0,5.0,No,No
balor,https://www.aidedd.org/dnd/monstres.php?vo=balor,19.0,fiend (demon),Huge,19,262,,26.0,15.0,22.0,20.0,16.0,22.0,Yes,No
bandit,https://www.aidedd.org/dnd/monstres.php?vo=bandit,0.125,humanoid (any race),Medium,12,11,,11.0,12.0,12.0,10.0,10.0,10.0,No,No
bandit-captain,https://www.aidedd.org/dnd/monstres.php?vo=bandit-captain,2.0,humanoid (any race),Medium,15,65,,15.0,16.0,14.0,14.0,11.0,14.0,No,No
banshee,https://www.aidedd.org/dnd/monstres.php?vo=banshee,4.0,undead,Medium,12,58,,1.0,14.0,10.0,12.0,11.0,17.0,Yes,No
barbed-devil,https://www.aidedd.org/dnd/monstres.php?vo=barbed-devil,5.0,fiend (devil),Medium,15,110,,16.0,17.0,18.0,12.0,14.0,14.0,No,No
barghest,https://www.aidedd.org/dnd/monstres.php?vo=barghest,4.0,fiend (shapechanger),Large,17,90,,19.0,15.0,14.0,13.0,12.0,14.0,No,No
barlgura,https://www.aidedd.org/dnd/monstres.php?vo=barlgura,5.0,fiend (demon),Large,15,68,,18.0,15.0,16.0,7.0,14.0,9.0,No,No
basilisk,https://www.aidedd.org/dnd/monstres.php?vo=basilisk,3.0,monstrosity,Medium,15,52,,16.0,8.0,15.0,2.0,8.0,7.0,No,No
bat,https://www.aidedd.org/dnd/monstres.php?vo=bat,0.0,beast,Tiny,12,1,,2.0,15.0,8.0,2.0,12.0,4.0,Yes,No
bearded-devil,https://www.aidedd.org/dnd/monstres.php?vo=bearded-devil,3.0,fiend (devil),Medium,13,52,,16.0,15.0,15.0,9.0,11.0,11.0,No,No
behir,https://www.aidedd.org/dnd/monstres.php?vo=behir,11.0,monstrosity,Huge,17,168,,23.0,16.0,18.0,7.0,14.0,12.0,No,No
belaphoss,https://www.aidedd.org/dnd/monstres.php?vo=belaphoss,20.0,fiend (demon),Huge,19,262,,26.0,15.0,22.0,20.0,16.0,22.0,Yes,No
berserker,https://www.aidedd.org/dnd/monstres.php?vo=berserker,2.0,humanoid (any race),Medium,13,67,,16.0,12.0,17.0,9.0,11.0,9.0,No,No
black-bear,https://www.aidedd.org/dnd/monstres.php?vo=black-bear,0.5,beast,Medium,11,19,,15.0,10.0,14.0,2.0,12.0,7.0,No,No
black-dragon-wyrmling,https://www.aidedd.org/dnd/monstres.php?vo=black-dragon-wyrmling,2.0,dragon,Medium,17,33,,15.0,14.0,13.0,10.0,11.0,13.0,Yes, swim
black-pudding,https://www.aidedd.org/dnd/monstres.php?vo=black-pudding,4.0,ooze,Large,7,85,,16.0,5.0,16.0,1.0,6.0,1.0,No,No
blink-dog,https://www.aidedd.org/dnd/monstres.php?vo=blink-dog,0.25,fey,Medium,13,22,,12.0,17.0,12.0,10.0,13.0,11.0,No,No
blood-hawk,https://www.aidedd.org/dnd/monstres.php?vo=blood-hawk,0.125,beast,Small,12,7,,6.0,14.0,10.0,3.0,14.0,5.0,Yes,No
blue-dragon-wyrmling,https://www.aidedd.org/dnd/monstres.php?vo=blue-dragon-wyrmling,3.0,dragon,Medium,17,52,,17.0,10.0,15.0,12.0,11.0,15.0,Yes,No
boar,https://www.aidedd.org/dnd/monstres.php?vo=boar,0.25,beast,Medium,11,11,,13.0,11.0,12.0,2.0,9.0,5.0,No,No
bone-devil,https://www.aidedd.org/dnd/monstres.php?vo=bone-devil,9.0,fiend (devil),Large,19,142,,18.0,16.0,18.0,13.0,14.0,16.0,Yes,No
brass-dragon-wyrmling,https://www.aidedd.org/dnd/monstres.php?vo=brass-dragon-wyrmling,1.0,dragon,Medium,16,16,,15.0,10.0,13.0,10.0,11.0,13.0,Yes,No
bronze-dragon-wyrmling,https://www.aidedd.org/dnd/monstres.php?vo=bronze-dragon-wyrmling,2.0,dragon,Medium,17,32,,17.0,10.0,15.0,12.0,11.0,15.0,Yes, swim
brown-bear,https://www.aidedd.org/dnd/monstres.php?vo=brown-bear,1.0,beast,Large,11,34,,19.0,10.0,16.0,2.0,13.0,7.0,No,No
bugbear,https://www.aidedd.org/dnd/monstres.php?vo=bugbear,1.0,humanoid (goblinoid),Medium,16,27,,15.0,14.0,13.0,8.0,11.0,9.0,No,No
bulette,https://www.aidedd.org/dnd/monstres.php?vo=bulette,5.0,monstrosity,Large,17,94,,19.0,11.0,21.0,2.0,10.0,5.0,No,No
bullywug,https://www.aidedd.org/dnd/monstres.php?vo=bullywug,0.25,humanoid (bullywug),Medium,15,11,,12.0,12.0,13.0,7.0,10.0,7.0,No,No
camel,https://www.aidedd.org/dnd/monstres.php?vo=camel,0.125,beast,Large,9,15,,16.0,8.0,14.0,2.0,8.0,5.0,No,No
cat,https://www.aidedd.org/dnd/monstres.php?vo=cat,0.0,beast,Tiny,12,2,,3.0,15.0,10.0,3.0,12.0,7.0,No,No
centaur,https://www.aidedd.org/dnd/monstres.php?vo=centaur,2.0,monstrosity,Large,12,45,,18.0,14.0,14.0,9.0,13.0,11.0,No,No
chain-devil,https://www.aidedd.org/dnd/monstres.php?vo=chain-devil,8.0,fiend (devil),Medium,16,85,,18.0,15.0,18.0,11.0,12.0,14.0,No,No
chimera,https://www.aidedd.org/dnd/monstres.php?vo=chimera,6.0,monstrosity,Large,14,114,,19.0,11.0,19.0,3.0,14.0,10.0,Yes,No
chuul,https://www.aidedd.org/dnd/monstres.php?vo=chuul,4.0,aberration,Large,16,93,,19.0,10.0,16.0,5.0,11.0,5.0,No,No
clay-golem,https://www.aidedd.org/dnd/monstres.php?vo=clay-golem,9.0,construct,Large,14,133,,20.0,9.0,18.0,3.0,8.0,1.0,No,No
cloaker,https://www.aidedd.org/dnd/monstres.php?vo=cloaker,8.0,aberration,Large,14,78,,17.0,15.0,12.0,13.0,12.0,14.0,Yes,No
cloud-giant,https://www.aidedd.org/dnd/monstres.php?vo=cloud-giant,9.0,giant,Huge,14,200,,27.0,10.0,22.0,12.0,16.0,16.0,No,No
cockatrice,https://www.aidedd.org/dnd/monstres.php?vo=cockatrice,0.5,monstrosity,Small,11,27,,6.0,12.0,12.0,2.0,13.0,5.0,Yes,No
commoner,https://www.aidedd.org/dnd/monstres.php?vo=commoner,0.0,humanoid (any race),Medium,10,4,,10.0,10.0,10.0,10.0,10.0,10.0,No,No
constrictor-snake,https://www.aidedd.org/dnd/monstres.php?vo=constrictor-snake,0.25,beast,Large,12,13,,15.0,14.0,12.0,1.0,10.0,3.0,No,No
copper-dragon-wyrmling,https://www.aidedd.org/dnd/monstres.php?vo=copper-dragon-wyrmling,1.0,dragon,Medium,16,22,,15.0,12.0,13.0,14.0,11.0,13.0,Yes,No
couatl,https://www.aidedd.org/dnd/monstres.php?vo=couatl,4.0,celestial,Medium,19,97,,16.0,20.0,17.0,18.0,20.0,18.0,Yes,No
cow,https://www.aidedd.org/dnd/monstres.php?vo=cow,0.25,beast,Large,10,15,,18.0,10.0,14.0,2.0,10.0,4.0,No,No
crab,https://www.aidedd.org/dnd/monstres.php?vo=crab,0.0,beast,Tiny,11,2,,2.0,11.0,10.0,1.0,8.0,2.0,No,No
crawling-claw,https://www.aidedd.org/dnd/monstres.php?vo=crawling-claw,0.0,undead,Tiny,12,2,,13.0,14.0,11.0,5.0,10.0,4.0,No,No
crocodile,https://www.aidedd.org/dnd/monstres.php?vo=crocodile,0.5,beast,Large,12,19,,15.0,10.0,13.0,2.0,10.0,5.0,No,No
cult-fanatic,https://www.aidedd.org/dnd/monstres.php?vo=cult-fanatic,2.0,humanoid (any race),Medium,13,33,,11.0,14.0,12.0,10.0,13.0,14.0,No,No
cultist,https://www.aidedd.org/dnd/monstres.php?vo=cultist,0.125,humanoid (any race),Medium,12,9,,11.0,12.0,10.0,10.0,11.0,10.0,No,No
cyclops,https://www.aidedd.org/dnd/monstres.php?vo=cyclops,6.0,giant,Huge,14,138,,22.0,11.0,20.0,8.0,6.0,10.0,No,No
dao,https://www.aidedd.org/dnd/monstres.php?vo=dao,11.0,elemental,Large,18,187,,23.0,12.0,24.0,12.0,13.0,14.0,Yes,No
darkmantle,https://www.aidedd.org/dnd/monstres.php?vo=darkmantle,0.5,monstrosity,Small,11,22,,16.0,12.0,13.0,2.0,10.0,5.0,Yes,No
death-dog,https://www.aidedd.org/dnd/monstres.php?vo=death-dog,1.0,monstrosity,Medium,12,39,,15.0,14.0,14.0,3.0,13.0,6.0,No,No
deep-gnome-svirfneblin,https://www.aidedd.org/dnd/monstres.php?vo=deep-gnome-svirfneblin,0.5,humanoid (gnome),Small,15,16,,15.0,14.0,14.0,12.0,10.0,9.0,No,No
deer,https://www.aidedd.org/dnd/monstres.php?vo=deer,0.0,beast,Medium,13,4,,11.0,16.0,11.0,2.0,14.0,5.0,No,No
deva,https://www.aidedd.org/dnd/monstres.php?vo=deva,10.0,celestial,Medium,17,136,,18.0,18.0,18.0,17.0,20.0,20.0,Yes,No
devilroot,https://www.aidedd.org/dnd/monstres.php?vo=devilroot,7.0,plant,Medium,15,105,,17.0,11.0,17.0,12.0,14.0,14.0,No,No
dire-wolf,https://www.aidedd.org/dnd/monstres.php?vo=dire-wolf,1.0,beast,Large,14,37,,17.0,15.0,15.0,3.0,12.0,7.0,No,No
djinni,https://www.aidedd.org/dnd/monstres.php?vo=djinni,11.0,elemental,Large,17,161,,21.0,15.0,22.0,15.0,16.0,20.0,Yes,No
dolphin,https://www.aidedd.org/dnd/monstres.php?vo=dolphin,0.125,beast,Medium,12,11,,14.0,13.0,13.0,6.0,12.0,7.0,No,No
doppelganger,https://www.aidedd.org/dnd/monstres.php?vo=doppelganger,3.0,monstrosity (shapechanger),Medium,14,52,,11.0,18.0,14.0,11.0,12.0,14.0,No,No
draft-horse,https://www.aidedd.org/dnd/monstres.php?vo=draft-horse,0.25,beast,Large,10,19,,18.0,10.0,12.0,2.0,11.0,7.0,No,No
dragon-turtle,https://www.aidedd.org/dnd/monstres.php?vo=dragon-turtle,17.0,dragon,Gargantuan,20,341,,25.0,10.0,20.0,10.0,12.0,12.0,No,No
dretch,https://www.aidedd.org/dnd/monstres.php?vo=dretch,0.25,fiend (demon),Small,11,18,,11.0,11.0,12.0,5.0,8.0,3.0,No,No
drider,https://www.aidedd.org/dnd/monstres.php?vo=drider,6.0,monstrosity,Large,19,123,,16.0,16.0,18.0,13.0,14.0,12.0,No,No
drow,https://www.aidedd.org/dnd/monstres.php?vo=drow,0.25,humanoid (elf),Medium,15,13,,10.0,14.0,10.0,11.0,11.0,12.0,No,No
drow-house-captain,https://www.aidedd.org/dnd/monstres.php?vo=drow-house-captain,9.0,humanoid (elf),Medium,16,162,,14.0,19.0,15.0,12.0,14.0,13.0,No,No
drow-inquisitor,https://www.aidedd.org/dnd/monstres.php?vo=drow-inquisitor,14.0,humanoid (elf),Medium,16,143,,11.0,15.0,14.0,16.0,21.0,20.0,No,No
drow-mage,https://www.aidedd.org/dnd/monstres.php?vo=drow-mage,7.0,humanoid (elf),Medium,12,45,,9.0,14.0,10.0,17.0,13.0,12.0,No,No
druid,https://www.aidedd.org/dnd/monstres.php?vo=druid,2.0,humanoid (any race),Medium,11,27,,10.0,12.0,13.0,12.0,15.0,11.0,No,No
dryad,https://www.aidedd.org/dnd/monstres.php?vo=dryad,1.0,fey,Medium,11,22,,10.0,12.0,11.0,14.0,15.0,18.0,No,No
duergar,https://www.aidedd.org/dnd/monstres.php?vo=duergar,1.0,humanoid (dwarf),Medium,16,26,,14.0,11.0,14.0,11.0,10.0,9.0,No,No
dust-mephit,https://www.aidedd.org/dnd/monstres.php?vo=dust-mephit,0.5,elemental,Small,12,17,,5.0,14.0,10.0,9.0,11.0,10.0,Yes,No
eagle,https://www.aidedd.org/dnd/monstres.php?vo=eagle,0.0,beast,Small,12,3,,6.0,15.0,10.0,2.0,14.0,7.0,Yes,No
earth-elemental,https://www.aidedd.org/dnd/monstres.php?vo=earth-elemental,5.0,elemental,Large,17,126,,20.0,8.0,20.0,5.0,10.0,5.0,No,No
efreeti,https://www.aidedd.org/dnd/monstres.php?vo=efreeti,11.0,elemental,Large,17,200,,22.0,12.0,24.0,16.0,15.0,16.0,Yes,No
elephant,https://www.aidedd.org/dnd/monstres.php?vo=elephant,4.0,beast,Huge,12,76,,22.0,9.0,17.0,3.0,11.0,6.0,No,No
elk,https://www.aidedd.org/dnd/monstres.php?vo=elk,0.25,beast,Large,10,13,,16.0,10.0,12.0,2.0,10.0,6.0,No,No
erinyes,https://www.aidedd.org/dnd/monstres.php?vo=erinyes,12.0,fiend (devil),Medium,18,153,,18.0,16.0,18.0,14.0,14.0,18.0,Yes,No
ettercap,https://www.aidedd.org/dnd/monstres.php?vo=ettercap,2.0,monstrosity,Medium,13,44,,14.0,15.0,13.0,7.0,12.0,8.0,No,No
ettin,https://www.aidedd.org/dnd/monstres.php?vo=ettin,4.0,giant,Large,12,85,,21.0,8.0,17.0,6.0,10.0,8.0,No,No
fire-elemental,https://www.aidedd.org/dnd/monstres.php?vo=fire-elemental,5.0,elemental,Large,13,102,,10.0,17.0,16.0,6.0,10.0,7.0,No,No
fire-giant,https://www.aidedd.org/dnd/monstres.php?vo=fire-giant,9.0,giant,Huge,18,162,,25.0,9.0,23.0,10.0,14.0,13.0,No,No
fire-snake,https://www.aidedd.org/dnd/monstres.php?vo=fire-snake,1.0,elemental,Medium,14,22,,12.0,14.0,11.0,7.0,10.0,8.0,No,No
flameskull,https://www.aidedd.org/dnd/monstres.php?vo=flameskull,4.0,undead,Tiny,13,40,,1.0,17.0,14.0,16.0,10.0,11.0,Yes,No
flesh-golem,https://www.aidedd.org/dnd/monstres.php?vo=flesh-golem,5.0,construct,Medium,9,93,,19.0,9.0,18.0,6.0,10.0,5.0,No,No
flind,https://www.aidedd.org/dnd/monstres.php?vo=flind,9.0,humanoid (gnoll),Medium,16,127,,20.0,10.0,19.0,11.0,13.0,12.0,No,No
flying-snake,https://www.aidedd.org/dnd/monstres.php?vo=flying-snake,0.125,beast,Tiny,14,5,,4.0,18.0,11.0,2.0,12.0,5.0,Yes, swim
flying-sword,https://www.aidedd.org/dnd/monstres.php?vo=flying-sword,0.25,construct,Small,17,17,,12.0,15.0,11.0,1.0,5.0,1.0,Yes,No
frog,https://www.aidedd.org/dnd/monstres.php?vo=frog,0.0,beast,Tiny,11,1,,1.0,13.0,8.0,1.0,8.0,3.0,No,No
froghemoth,https://www.aidedd.org/dnd/monstres.php?vo=froghemoth,10.0,monstrosity,Huge,14,184,,23.0,13.0,20.0,2.0,12.0,5.0,No,No
frost-giant,https://www.aidedd.org/dnd/monstres.php?vo=frost-giant,8.0,giant,Huge,15,138,,23.0,9.0,21.0,9.0,10.0,12.0,No,No
galeb-duhr,https://www.aidedd.org/dnd/monstres.php?vo=galeb-duhr,6.0,elemental,Medium,16,85,,20.0,14.0,20.0,11.0,12.0,11.0,No,No
gargoyle,https://www.aidedd.org/dnd/monstres.php?vo=gargoyle,2.0,elemental,Medium,15,52,,15.0,11.0,16.0,6.0,11.0,7.0,Yes,No
gauth,https://www.aidedd.org/dnd/monstres.php?vo=gauth,6.0,aberration,Medium,15,67,,10.0,14.0,16.0,15.0,15.0,13.0,Yes,No
gelatinous-cube,https://www.aidedd.org/dnd/monstres.php?vo=gelatinous-cube,2.0,ooze,Large,6,84,,14.0,3.0,20.0,1.0,6.0,1.0,No,No
ghast,https://www.aidedd.org/dnd/monstres.php?vo=ghast,2.0,undead,Medium,13,36,,16.0,17.0,10.0,11.0,10.0,8.0,No,No
ghost,https://www.aidedd.org/dnd/monstres.php?vo=ghost,4.0,undead,Medium,11,45,,7.0,13.0,10.0,10.0,12.0,17.0,Yes,No
ghoul,https://www.aidedd.org/dnd/monstres.php?vo=ghoul,1.0,undead,Medium,12,22,,13.0,15.0,10.0,7.0,10.0,6.0,No,No
giant-ape,https://www.aidedd.org/dnd/monstres.php?vo=giant-ape,7.0,beast,Huge,12,157,,23.0,14.0,18.0,7.0,12.0,7.0,No,No
giant-badger,https://www.aidedd.org/dnd/monstres.php?vo=giant-badger,0.25,beast,Medium,10,13,,13.0,10.0,15.0,2.0,12.0,5.0,No,No
giant-bat,https://www.aidedd.org/dnd/monstres.php?vo=giant-bat,0.25,beast,Large,13,22,,15.0,16.0,11.0,2.0,12.0,6.0,Yes,No
giant-boar,https://www.aidedd.org/dnd/monstres.php?vo=giant-boar,2.0,beast,Large,12,42,,17.0,10.0,16.0,2.0,7.0,5.0,No,No
giant-centipede,https://www.aidedd.org/dnd/monstres.php?vo=giant-centipede,0.25,beast,Small,13,4,,5.0,14.0,12.0,1.0,7.0,3.0,No,No
giant-constrictor-snake,https://www.aidedd.org/dnd/monstres.php?vo=giant-constrictor-snake,2.0,beast,Huge,12,60,,19.0,14.0,12.0,1.0,10.0,3.0,No,No
giant-crab,https://www.aidedd.org/dnd/monstres.php?vo=giant-crab,0.125,beast,Medium,15,13,,13.0,15.0,11.0,1.0,9.0,3.0,No,No
giant-crocodile,https://www.aidedd.org/dnd/monstres.php?vo=giant-crocodile,5.0,beast,Huge,14,85,,21.0,9.0,17.0,2.0,10.0,7.0,No,No
giant-eagle,https://www.aidedd.org/dnd/monstres.php?vo=giant-eagle,1.0,beast,Large,13,26,,16.0,17.0,13.0,8.0,14.0,10.0,Yes,No
giant-elk,https://www.aidedd.org/dnd/monstres.php?vo=giant-elk,2.0,beast,Huge,14,42,,19.0,16.0,14.0,7.0,14.0,10.0,No,No
giant-fire-beetle,https://www.aidedd.org/dnd/monstres.php?vo=giant-fire-beetle,0.0,beast,Small,13,4,,8.0,10.0,12.0,1.0,7.0,3.0,No,No
giant-frog,https://www.aidedd.org/dnd/monstres.php?vo=giant-frog,0.25,beast,Medium,11,18,,12.0,13.0,11.0,2.0,10.0,3.0,No,No
giant-goat,https://www.aidedd.org/dnd/monstres.php?vo=giant-goat,0.5,beast,Large,11,19,,17.0,11.0,12.0,3.0,12.0,6.0,No,No
giant-hyena,https://www.aidedd.org/dnd/monstres.php?vo=giant-hyena,1.0,beast,Large,12,45,,16.0,14.0,14.0,2.0,12.0,7.0,No,No
giant-lizard,https://www.aidedd.org/dnd/monstres.php?vo=giant-lizard,0.25,beast,Large,12,19,,15.0,12.0,13.0,2.0,10.0,5.0,No,No
giant-octopus,https://www.aidedd.org/dnd/monstres.php?vo=giant-octopus,1.0,beast,Large,11,52,,17.0,13.0,13.0,4.0,10.0,4.0,No,No
giant-owl,https://www.aidedd.org/dnd/monstres.php?vo=giant-owl,0.25,beast,Large,12,19,,13.0,15.0,12.0,8.0,13.0,10.0,Yes,No
giant-poisonous-snake,https://www.aidedd.org/dnd/monstres.php?vo=giant-poisonous-snake,0.25,beast,Medium,14,11,,10.0,18.0,13.0,2.0,10.0,3.0,No,No
giant-rat,https://www.aidedd.org/dnd/monstres.php?vo=giant-rat,0.125,beast,Small,12,7,,7.0,15.0,11.0,2.0,10.0,4.0,No,No
giant-scorpion,https://www.aidedd.org/dnd/monstres.php?vo=giant-scorpion,3.0,beast,Large,15,52,,15.0,13.0,15.0,1.0,9.0,3.0,No,No
giant-sea-horse,https://www.aidedd.org/dnd/monstres.php?vo=giant-sea-horse,0.5,beast,Large,13,16,,12.0,15.0,11.0,2.0,12.0,5.0,No,No
giant-shark,https://www.aidedd.org/dnd/monstres.php?vo=giant-shark,5.0,beast,Huge,13,126,,23.0,11.0,21.0,1.0,10.0,5.0,No,No
giant-spider,https://www.aidedd.org/dnd/monstres.php?vo=giant-spider,1.0,beast,Large,14,26,,14.0,16.0,12.0,2.0,11.0,4.0,No,No
giant-toad,https://www.aidedd.org/dnd/monstres.php?vo=giant-toad,1.0,beast,Large,11,39,,15.0,13.0,13.0,2.0,10.0,3.0,No,No
giant-two-headed-goat,https://www.aidedd.org/dnd/monstres.php?vo=giant-two-headed-goat,0.5,beast,Large,11,19,,17.0,11.0,12.0,3.0,12.0,6.0,No,No
giant-vulture,https://www.aidedd.org/dnd/monstres.php?vo=giant-vulture,1.0,beast,Large,10,22,,15.0,10.0,15.0,6.0,12.0,7.0,Yes,No
giant-wasp,https://www.aidedd.org/dnd/monstres.php?vo=giant-wasp,0.5,beast,Medium,12,13,,10.0,14.0,10.0,1.0,10.0,3.0,Yes,No
giant-weasel,https://www.aidedd.org/dnd/monstres.php?vo=giant-weasel,0.125,beast,Medium,13,9,,11.0,16.0,10.0,4.0,12.0,5.0,No,No
giant-wolf-spider,https://www.aidedd.org/dnd/monstres.php?vo=giant-wolf-spider,0.25,beast,Medium,13,11,,12.0,16.0,13.0,3.0,12.0,4.0,No,No
gibbering-mouther,https://www.aidedd.org/dnd/monstres.php?vo=gibbering-mouther,2.0,aberration,Medium,9,67,,10.0,8.0,16.0,3.0,10.0,6.0,No,No
glabrezu,https://www.aidedd.org/dnd/monstres.php?vo=glabrezu,9.0,fiend (demon),Large,17,157,,20.0,15.0,21.0,19.0,17.0,16.0,No,No
gladiator,https://www.aidedd.org/dnd/monstres.php?vo=gladiator,5.0,humanoid (any race),Medium,16,112,,18.0,15.0,16.0,10.0,12.0,15.0,No,No
gnoll,https://www.aidedd.org/dnd/monstres.php?vo=gnoll,0.5,humanoid (gnoll),Medium,15,22,,14.0,12.0,11.0,6.0,10.0,7.0,No,No
gnoll-pack-lord,https://www.aidedd.org/dnd/monstres.php?vo=gnoll-pack-lord,2.0,humanoid (gnoll),Medium,15,49,,16.0,14.0,13.0,8.0,11.0,9.0,No,No
goat,https://www.aidedd.org/dnd/monstres.php?vo=goat,0.0,beast,Medium,10,4,,12.0,10.0,11.0,2.0,10.0,5.0,No,No
goblin,https://www.aidedd.org/dnd/monstres.php?vo=goblin,0.25,humanoid (goblinoid),Small,15,7,,8.0,14.0,10.0,10.0,8.0,8.0,No,No
gold-dragon-wyrmling,https://www.aidedd.org/dnd/monstres.php?vo=gold-dragon-wyrmling,3.0,dragon,Medium,17,60,,19.0,14.0,17.0,14.0,11.0,16.0,Yes, swim
gorgon,https://www.aidedd.org/dnd/monstres.php?vo=gorgon,5.0,monstrosity,Large,19,114,,20.0,11.0,18.0,2.0,12.0,7.0,No,No
gray-ooze,https://www.aidedd.org/dnd/monstres.php?vo=gray-ooze,0.5,ooze,Medium,8,22,,12.0,6.0,16.0,1.0,6.0,2.0,No,No
green-dragon-wyrmling,https://www.aidedd.org/dnd/monstres.php?vo=green-dragon-wyrmling,2.0,dragon,Medium,17,38,,15.0,12.0,13.0,14.0,11.0,13.0,Yes, swim
green-hag,https://www.aidedd.org/dnd/monstres.php?vo=green-hag,3.0,fey,Medium,17,82,,18.0,12.0,16.0,13.0,14.0,14.0,No,No
grell,https://www.aidedd.org/dnd/monstres.php?vo=grell,3.0,aberration,Medium,12,55,,15.0,14.0,13.0,12.0,11.0,9.0,Yes,No
grick,https://www.aidedd.org/dnd/monstres.php?vo=grick,2.0,monstrosity,Medium,14,27,,14.0,14.0,11.0,3.0,14.0,5.0,No,No
griffon,https://www.aidedd.org/dnd/monstres.php?vo=griffon,2.0,monstrosity,Large,12,59,,18.0,15.0,16.0,2.0,13.0,8.0,Yes,No
grimlock,https://www.aidedd.org/dnd/monstres.php?vo=grimlock,0.25,humanoid (grimlock),Medium,11,11,,16.0,12.0,12.0,9.0,8.0,6.0,No,No
guard,https://www.aidedd.org/dnd/monstres.php?vo=guard,0.125,humanoid (any race),Medium,16,11,,13.0,12.0,12.0,10.0,11.0,10.0,No,No
guardian-naga,https://www.aidedd.org/dnd/monstres.php?vo=guardian-naga,10.0,monstrosity,Large,18,127,,19.0,18.0,16.0,16.0,19.0,18.0,No,No
gynosphinx,https://www.aidedd.org/dnd/monstres.php?vo=gynosphinx,11.0,monstrosity,Large,17,136,Legendary,18.0,15.0,16.0,18.0,18.0,18.0,Yes,No
half-ogre,https://www.aidedd.org/dnd/monstres.php?vo=half-ogre,1.0,giant,Large,12,30,,17.0,10.0,14.0,7.0,9.0,10.0,No,No
half-red-dragon-veteran,https://www.aidedd.org/dnd/monstres.php?vo=half-red-dragon-veteran,5.0,humanoid (human),Medium,18,65,,16.0,13.0,14.0,10.0,11.0,10.0,No,No
harpy,https://www.aidedd.org/dnd/monstres.php?vo=harpy,1.0,monstrosity,Medium,11,38,,12.0,13.0,12.0,7.0,10.0,13.0,Yes,No
hawk,https://www.aidedd.org/dnd/monstres.php?vo=hawk,0.0,beast,Tiny,13,1,,5.0,16.0,8.0,2.0,14.0,6.0,Yes,No
hell-hound,https://www.aidedd.org/dnd/monstres.php?vo=hell-hound,3.0,fiend,Medium,15,45,,17.0,12.0,14.0,6.0,13.0,6.0,No,No
helmed-horror,https://www.aidedd.org/dnd/monstres.php?vo=helmed-horror,4.0,construct,Medium,20,60,,18.0,13.0,16.0,10.0,10.0,10.0,Yes,No
hezrou,https://www.aidedd.org/dnd/monstres.php?vo=hezrou,8.0,fiend (demon),Large,16,136,,19.0,17.0,20.0,5.0,12.0,13.0,No,No
hill-giant,https://www.aidedd.org/dnd/monstres.php?vo=hill-giant,5.0,giant,Huge,13,105,,21.0,8.0,19.0,5.0,9.0,6.0,No,No
hippogriff,https://www.aidedd.org/dnd/monstres.php?vo=hippogriff,1.0,monstrosity,Large,11,19,,17.0,13.0,13.0,2.0,12.0,8.0,Yes,No
hobgoblin,https://www.aidedd.org/dnd/monstres.php?vo=hobgoblin,0.5,humanoid (goblinoid),Medium,18,11,,13.0,12.0,12.0,10.0,10.0,9.0,No,No
hobgoblin-captain,https://www.aidedd.org/dnd/monstres.php?vo=hobgoblin-captain,3.0,humanoid (goblinoid),Medium,17,39,,15.0,14.0,14.0,12.0,10.0,13.0,No,No
hobgoblin-iron-shadow,https://www.aidedd.org/dnd/monstres.php?vo=hobgoblin-iron-shadow,2.0,humanoid (goblinoid),Medium,15,32,,14.0,16.0,15.0,14.0,15.0,11.0,No,No
homunculus,https://www.aidedd.org/dnd/monstres.php?vo=homunculus,0.0,construct,Tiny,13,5,,4.0,15.0,11.0,10.0,10.0,7.0,Yes,No
hook-horror,https://www.aidedd.org/dnd/monstres.php?vo=hook-horror,3.0,monstrosity,Large,15,75,,18.0,10.0,15.0,6.0,12.0,7.0,No,No
horned-devil,https://www.aidedd.org/dnd/monstres.php?vo=horned-devil,11.0,fiend (devil),Large,18,178,,22.0,17.0,21.0,12.0,16.0,17.0,Yes,No
hunter-shark,https://www.aidedd.org/dnd/monstres.php?vo=hunter-shark,2.0,beast,Large,12,45,,18.0,13.0,15.0,1.0,10.0,4.0,No,No
hydra,https://www.aidedd.org/dnd/monstres.php?vo=hydra,8.0,monstrosity,Huge,15,172,,20.0,12.0,20.0,2.0,10.0,7.0,No,No
hyena,https://www.aidedd.org/dnd/monstres.php?vo=hyena,0.0,beast,Medium,11,5,,11.0,13.0,12.0,2.0,12.0,5.0,No,No
ice-devil,https://www.aidedd.org/dnd/monstres.php?vo=ice-devil,14.0,fiend (devil),Large,18,180,,21.0,14.0,18.0,18.0,15.0,18.0,No,No
ice-mephit,https://www.aidedd.org/dnd/monstres.php?vo=ice-mephit,0.5,elemental,Small,11,21,,7.0,13.0,10.0,9.0,11.0,12.0,Yes,No
imp,https://www.aidedd.org/dnd/monstres.php?vo=imp,1.0,"fiend (devil, shapechanger)",Tiny,13,10,,6.0,17.0,13.0,11.0,12.0,14.0,Yes,No
invisible-stalker,https://www.aidedd.org/dnd/monstres.php?vo=invisible-stalker,6.0,elemental,Medium,14,104,,16.0,19.0,14.0,10.0,15.0,11.0,Yes,No
iron-golem,https://www.aidedd.org/dnd/monstres.php?vo=iron-golem,16.0,construct,Large,20,210,,24.0,9.0,20.0,3.0,11.0,1.0,No,No
jackal,https://www.aidedd.org/dnd/monstres.php?vo=jackal,0.0,beast,Small,12,3,,8.0,15.0,11.0,3.0,12.0,6.0,No,No
jackalwere,https://www.aidedd.org/dnd/monstres.php?vo=jackalwere,0.5,humanoid (shapechanger),Medium,12,18,,11.0,15.0,11.0,13.0,11.0,10.0,No,No
kenku,https://www.aidedd.org/dnd/monstres.php?vo=kenku,0.25,humanoid (kenku),Medium,13,13,,10.0,16.0,10.0,11.0,10.0,10.0,No,No
killer-whale,https://www.aidedd.org/dnd/monstres.php?vo=killer-whale,3.0,beast,Huge,12,90,,19.0,10.0,13.0,3.0,12.0,7.0,No,No
knight,https://www.aidedd.org/dnd/monstres.php?vo=knight,3.0,humanoid (any race),Medium,18,52,,16.0,11.0,14.0,11.0,11.0,15.0,No,No
kobold,https://www.aidedd.org/dnd/monstres.php?vo=kobold,0.125,humanoid (kobold),Small,12,5,,7.0,15.0,9.0,8.0,7.0,8.0,No,No
kobold-inventor,https://www.aidedd.org/dnd/monstres.php?vo=kobold-inventor,0.25,humanoid (kobold),Small,12,13,,7.0,15.0,12.0,8.0,7.0,8.0,No,No
kraken,https://www.aidedd.org/dnd/monstres.php?vo=kraken,23.0,monstrosity (titan),Gargantuan,18,472,Legendary,30.0,11.0,25.0,22.0,18.0,20.0,No,No
kuo-toa,https://www.aidedd.org/dnd/monstres.php?vo=kuo-toa,0.25,humanoid (kuo-toa),Medium,13,18,,13.0,10.0,11.0,11.0,10.0,8.0,No,No
kuo-toa-archpriest,https://www.aidedd.org/dnd/monstres.php?vo=kuo-toa-archpriest,6.0,humanoid (kuo-toa),Medium,13,97,,16.0,14.0,16.0,13.0,16.0,14.0,No,No
kuo-toa-whip,https://www.aidedd.org/dnd/monstres.php?vo=kuo-toa-whip,1.0,humanoid (kuo-toa),Medium,11,65,,14.0,10.0,14.0,12.0,14.0,11.0,No,No
laeral-silverhand,https://www.aidedd.org/dnd/monstres.php?vo=laeral-silverhand,17.0,humanoid (human),Medium,18,228,,13.0,17.0,20.0,20.0,20.0,19.0,No,No
lamia,https://www.aidedd.org/dnd/monstres.php?vo=lamia,4.0,monstrosity,Large,13,97,,16.0,13.0,15.0,14.0,15.0,16.0,No,No
lemure,https://www.aidedd.org/dnd/monstres.php?vo=lemure,0.0,fiend (devil),Medium,7,13,,10.0,5.0,11.0,1.0,11.0,3.0,No,No
lich,https://www.aidedd.org/dnd/monstres.php?vo=lich,21.0,undead,Medium,17,135,Legendary,11.0,16.0,16.0,20.0,14.0,16.0,No,No
lion,https://www.aidedd.org/dnd/monstres.php?vo=lion,1.0,beast,Large,12,26,,17.0,15.0,13.0,3.0,12.0,8.0,No,No
lizard,https://www.aidedd.org/dnd/monstres.php?vo=lizard,0.0,beast,Tiny,10,2,,2.0,11.0,10.0,1.0,8.0,3.0,No,No
lizard-king-queen,https://www.aidedd.org/dnd/monstres.php?vo=lizard-king-queen,4.0,humanoid (lizardfolk),Medium,15,78,,17.0,12.0,15.0,11.0,11.0,15.0,No,No
lizardfolk,https://www.aidedd.org/dnd/monstres.php?vo=lizardfolk,0.5,humanoid (lizardfolk),Medium,15,22,,15.0,10.0,13.0,7.0,12.0,7.0,No,No
lizardfolk-shaman,https://www.aidedd.org/dnd/monstres.php?vo=lizardfolk-shaman,2.0,humanoid (lizardfolk),Medium,13,27,,15.0,10.0,13.0,10.0,15.0,8.0,No,No
mage,https://www.aidedd.org/dnd/monstres.php?vo=mage,6.0,humanoid (any race),Medium,12,40,,9.0,14.0,11.0,17.0,12.0,11.0,No,No
magma-mephit,https://www.aidedd.org/dnd/monstres.php?vo=magma-mephit,0.5,elemental,Small,11,22,,8.0,12.0,12.0,7.0,10.0,10.0,Yes,No
magmin,https://www.aidedd.org/dnd/monstres.php?vo=magmin,0.5,elemental,Small,14,9,,7.0,15.0,12.0,8.0,11.0,10.0,No,No
mammoth,https://www.aidedd.org/dnd/monstres.php?vo=mammoth,6.0,beast,Huge,13,126,,24.0,9.0,21.0,3.0,11.0,6.0,No,No
manticore,https://www.aidedd.org/dnd/monstres.php?vo=manticore,3.0,monstrosity,Large,14,68,,17.0,16.0,17.0,7.0,12.0,8.0,Yes,No
marilith,https://www.aidedd.org/dnd/monstres.php?vo=marilith,16.0,fiend (demon),Large,18,189,,18.0,20.0,20.0,18.0,16.0,20.0,No,No
mastiff,https://www.aidedd.org/dnd/monstres.php?vo=mastiff,0.125,beast,Medium,12,5,,13.0,14.0,12.0,3.0,12.0,7.0,No,No
medusa,https://www.aidedd.org/dnd/monstres.php?vo=medusa,6.0,monstrosity,Medium,15,127,,10.0,15.0,16.0,12.0,13.0,15.0,No,No
merfolk,https://www.aidedd.org/dnd/monstres.php?vo=merfolk,0.125,humanoid (merfolk),Medium,11,11,,10.0,13.0,12.0,11.0,11.0,12.0,No,No
merrow,https://www.aidedd.org/dnd/monstres.php?vo=merrow,2.0,monstrosity,Large,13,45,,18.0,10.0,15.0,8.0,10.0,9.0,No,No
mezzoloth,https://www.aidedd.org/dnd/monstres.php?vo=mezzoloth,5.0,fiend (yugoloth),Medium,18,75,,18.0,11.0,16.0,7.0,10.0,11.0,No,No
mimic,https://www.aidedd.org/dnd/monstres.php?vo=mimic,2.0,monstrosity (shapechanger),Medium,12,58,,17.0,12.0,15.0,5.0,13.0,8.0,No,No
mindwitness,https://www.aidedd.org/dnd/monstres.php?vo=mindwitness,5.0,aberration,Large,15,75,,10.0,14.0,14.0,15.0,15.0,10.0,Yes,No
minotaur,https://www.aidedd.org/dnd/monstres.php?vo=minotaur,3.0,monstrosity,Large,14,76,,18.0,11.0,16.0,6.0,16.0,9.0,No,No
minotaur-skeleton,https://www.aidedd.org/dnd/monstres.php?vo=minotaur-skeleton,2.0,undead,Large,12,67,,18.0,11.0,15.0,6.0,8.0,5.0,No,No
moloch,https://www.aidedd.org/dnd/monstres.php?vo=moloch,21.0,fiend (devil),Large,19,253,Legendary,26.0,19.0,22.0,21.0,18.0,23.0,No,No
mud-mephit,https://www.aidedd.org/dnd/monstres.php?vo=mud-mephit,0.25,elemental,Small,11,27,,8.0,12.0,12.0,9.0,11.0,7.0,Yes, swim
mule,https://www.aidedd.org/dnd/monstres.php?vo=mule,0.125,beast,Medium,10,11,,14.0,10.0,13.0,2.0,10.0,5.0,No,No
mummified-warrior,https://www.aidedd.org/dnd/monstres.php?vo=mummified-warrior,0.25,undead,Medium,8,19,,13.0,6.0,14.0,8.0,6.0,8.0,No,No
mummy,https://www.aidedd.org/dnd/monstres.php?vo=mummy,3.0,undead,Medium,11,58,,16.0,8.0,15.0,6.0,10.0,12.0,No,No
mummy-lord,https://www.aidedd.org/dnd/monstres.php?vo=mummy-lord,15.0,undead,Medium,17,97,Legendary,18.0,10.0,17.0,11.0,18.0,16.0,No,No
nalfeshnee,https://www.aidedd.org/dnd/monstres.php?vo=nalfeshnee,13.0,fiend (demon),Large,18,184,,21.0,10.0,22.0,19.0,12.0,15.0,Yes,No
narzugon,https://www.aidedd.org/dnd/monstres.php?vo=narzugon,13.0,fiend (devil),Medium,20,112,,20.0,10.0,17.0,16.0,14.0,19.0,No,No
night-hag,https://www.aidedd.org/dnd/monstres.php?vo=night-hag,5.0,fiend,Medium,17,112,,18.0,15.0,16.0,16.0,14.0,16.0,No,No
nightmare,https://www.aidedd.org/dnd/monstres.php?vo=nightmare,3.0,fiend,Large,13,68,,18.0,15.0,16.0,10.0,13.0,15.0,Yes,No
nilbog,https://www.aidedd.org/dnd/monstres.php?vo=nilbog,1.0,humanoid (goblinoid),Small,13,7,,8.0,14.0,10.0,10.0,8.0,15.0,No,No
noble,https://www.aidedd.org/dnd/monstres.php?vo=noble,0.125,humanoid (any race),Medium,15,9,,11.0,12.0,11.0,12.0,14.0,16.0,No,No
nothic,https://www.aidedd.org/dnd/monstres.php?vo=nothic,2.0,aberration,Medium,15,45,,14.0,16.0,16.0,13.0,10.0,8.0,No,No
nycaloth,https://www.aidedd.org/dnd/monstres.php?vo=nycaloth,9.0,fiend (yugoloth),Large,18,123,,20.0,11.0,19.0,12.0,10.0,15.0,Yes,No
ochre-jelly,https://www.aidedd.org/dnd/monstres.php?vo=ochre-jelly,2.0,ooze,Large,8,45,,15.0,6.0,14.0,2.0,6.0,1.0,No,No
octopus,https://www.aidedd.org/dnd/monstres.php?vo=octopus,0.0,beast,Small,12,3,,4.0,15.0,11.0,3.0,10.0,4.0,No,No
ogre,https://www.aidedd.org/dnd/monstres.php?vo=ogre,2.0,giant,Large,11,59,,19.0,8.0,16.0,5.0,7.0,7.0,No,No
ogre-zombie,https://www.aidedd.org/dnd/monstres.php?vo=ogre-zombie,2.0,undead,Large,8,85,,19.0,6.0,18.0,3.0,6.0,5.0,No,No
oni,https://www.aidedd.org/dnd/monstres.php?vo=oni,7.0,giant,Large,16,110,,19.0,11.0,16.0,14.0,12.0,15.0,Yes,No
orc,https://www.aidedd.org/dnd/monstres.php?vo=orc,0.5,humanoid (orc),Medium,13,15,,16.0,12.0,16.0,7.0,11.0,10.0,No,No
orc-eye-of-gruumsh,https://www.aidedd.org/dnd/monstres.php?vo=orc-eye-of-gruumsh,2.0,humanoid (orc),Medium,16,45,,16.0,12.0,16.0,9.0,13.0,12.0,No,No
orcus,https://www.aidedd.org/dnd/monstres.php?vo=orcus,26.0,fiend (demon),Huge,17,405,Legendary,27.0,14.0,25.0,20.0,20.0,25.0,Yes,No
orog,https://www.aidedd.org/dnd/monstres.php?vo=orog,2.0,humanoid (orc),Medium,18,42,,18.0,12.0,18.0,12.0,11.0,12.0,No,No
otyugh,https://www.aidedd.org/dnd/monstres.php?vo=otyugh,5.0,aberration,Large,14,114,,16.0,11.0,19.0,6.0,13.0,6.0,No,No
owl,https://www.aidedd.org/dnd/monstres.php?vo=owl,0.0,beast,Tiny,11,1,,3.0,13.0,8.0,2.0,12.0,7.0,Yes,No
owlbear,https://www.aidedd.org/dnd/monstres.php?vo=owlbear,3.0,monstrosity,Large,13,59,,20.0,12.0,17.0,3.0,12.0,7.0,No,No
panther,https://www.aidedd.org/dnd/monstres.php?vo=panther,0.25,beast,Medium,12,13,,14.0,15.0,10.0,3.0,14.0,7.0,No,No
pegasus,https://www.aidedd.org/dnd/monstres.php?vo=pegasus,2.0,celestial,Large,12,59,,18.0,15.0,16.0,10.0,15.0,13.0,Yes,No
peryton,https://www.aidedd.org/dnd/monstres.php?vo=peryton,2.0,monstrosity,Medium,13,33,,16.0,12.0,13.0,9.0,12.0,10.0,Yes,No
phase-spider,https://www.aidedd.org/dnd/monstres.php?vo=phase-spider,3.0,monstrosity,Large,13,32,,15.0,15.0,12.0,6.0,10.0,6.0,No,No
piercer,https://www.aidedd.org/dnd/monstres.php?vo=piercer,0.5,monstrosity,Medium,15,22,,10.0,13.0,16.0,1.0,7.0,3.0,No,No
pit-fiend,https://www.aidedd.org/dnd/monstres.php?vo=pit-fiend,20.0,fiend (devil),Large,19,300,,26.0,14.0,24.0,22.0,18.0,24.0,Yes,No
planetar,https://www.aidedd.org/dnd/monstres.php?vo=planetar,16.0,celestial,Large,19,200,,24.0,20.0,24.0,19.0,22.0,25.0,Yes,No
plesiosaurus,https://www.aidedd.org/dnd/monstres.php?vo=plesiosaurus,2.0,beast,Large,13,68,,18.0,15.0,16.0,2.0,12.0,5.0,No,No
poisonous-snake,https://www.aidedd.org/dnd/monstres.php?vo=poisonous-snake,0.125,beast,Tiny,13,2,,2.0,16.0,11.0,1.0,10.0,3.0,No,No
polar-bear,https://www.aidedd.org/dnd/monstres.php?vo=polar-bear,2.0,beast,Large,12,42,,20.0,10.0,16.0,2.0,13.0,7.0,No,No
pony,https://www.aidedd.org/dnd/monstres.php?vo=pony,0.125,beast,Medium,10,11,,15.0,10.0,13.0,2.0,11.0,7.0,No,No
priest,https://www.aidedd.org/dnd/monstres.php?vo=priest,2.0,humanoid (any race),Medium,13,27,,10.0,10.0,12.0,13.0,16.0,13.0,No,No
pseudodragon,https://www.aidedd.org/dnd/monstres.php?vo=pseudodragon,0.25,dragon,Tiny,13,7,,6.0,15.0,13.0,10.0,12.0,10.0,Yes,No
pteranodon,https://www.aidedd.org/dnd/monstres.php?vo=pteranodon,0.25,beast,Medium,13,13,,12.0,15.0,10.0,2.0,9.0,5.0,Yes,No
purple-worm,https://www.aidedd.org/dnd/monstres.php?vo=purple-worm,15.0,monstrosity,Gargantuan,18,247,,28.0,7.0,22.0,1.0,8.0,4.0,No,No
quasit,https://www.aidedd.org/dnd/monstres.php?vo=quasit,1.0,"fiend (demon, shapechanger)",Tiny,13,7,,5.0,17.0,10.0,7.0,10.0,10.0,No,No
quetzalcoatlus,https://www.aidedd.org/dnd/monstres.php?vo=quetzalcoatlus,2.0,beast,Huge,13,30,,15.0,13.0,13.0,2.0,10.0,5.0,Yes,No
quipper,https://www.aidedd.org/dnd/monstres.php?vo=quipper,0.0,beast,Tiny,13,1,,2.0,16.0,9.0,1.0,7.0,2.0,No,No
rakshasa,https://www.aidedd.org/dnd/monstres.php?vo=rakshasa,13.0,fiend,Medium,16,110,,14.0,17.0,18.0,13.0,16.0,20.0,No,No
rat,https://www.aidedd.org/dnd/monstres.php?vo=rat,0.0,beast,Tiny,10,1,,2.0,11.0,9.0,2.0,10.0,4.0,No,No
raven,https://www.aidedd.org/dnd/monstres.php?vo=raven,0.0,beast,Tiny,12,1,,2.0,14.0,8.0,2.0,12.0,6.0,Yes,No
red-dragon-wyrmling,https://www.aidedd.org/dnd/monstres.php?vo=red-dragon-wyrmling,4.0,dragon,Medium,17,75,,19.0,10.0,17.0,12.0,11.0,15.0,Yes,No
reef-manta-ray,https://www.aidedd.org/dnd/monstres.php?vo=reef-manta-ray,0.5,beast,Large,12,16,,13.0,12.0,12.0,1.0,12.0,4.0,No,No
reef-shark,https://www.aidedd.org/dnd/monstres.php?vo=reef-shark,0.5,beast,Medium,12,22,,14.0,13.0,13.0,1.0,10.0,4.0,No,No
remorhaz,https://www.aidedd.org/dnd/monstres.php?vo=remorhaz,11.0,monstrosity,Huge,17,195,,24.0,13.0,21.0,4.0,10.0,5.0,No,No
revenant,https://www.aidedd.org/dnd/monstres.php?vo=revenant,5.0,undead,Medium,13,136,,18.0,14.0,18.0,13.0,16.0,18.0,No,No
rhinoceros,https://www.aidedd.org/dnd/monstres.php?vo=rhinoceros,2.0,beast,Large,11,45,,21.0,8.0,15.0,2.0,12.0,6.0,No,No
riding-horse,https://www.aidedd.org/dnd/monstres.php?vo=riding-horse,0.25,beast,Large,10,13,,16.0,10.0,12.0,2.0,11.0,7.0,No,No
roc,https://www.aidedd.org/dnd/monstres.php?vo=roc,11.0,monstrosity,Gargantuan,15,248,,28.0,10.0,20.0,3.0,10.0,9.0,Yes,No
roper,https://www.aidedd.org/dnd/monstres.php?vo=roper,5.0,monstrosity,Large,20,93,,18.0,8.0,17.0,7.0,16.0,6.0,No,No
rug-of-smothering,https://www.aidedd.org/dnd/monstres.php?vo=rug-of-smothering,2.0,construct,Large,12,33,,17.0,14.0,10.0,1.0,3.0,1.0,No,No
rust-monster,https://www.aidedd.org/dnd/monstres.php?vo=rust-monster,0.5,monstrosity,Medium,14,27,,13.0,12.0,13.0,2.0,13.0,6.0,No,No
saber-toothed-tiger,https://www.aidedd.org/dnd/monstres.php?vo=saber-toothed-tiger,2.0,beast,Large,12,52,,18.0,14.0,15.0,3.0,12.0,8.0,No,No
sahuagin,https://www.aidedd.org/dnd/monstres.php?vo=sahuagin,0.5,humanoid (sahuagin),Medium,12,22,,13.0,11.0,12.0,12.0,13.0,9.0,No,No
salamander,https://www.aidedd.org/dnd/monstres.php?vo=salamander,5.0,elemental,Large,15,90,,18.0,14.0,15.0,11.0,10.0,12.0,No,No
satyr,https://www.aidedd.org/dnd/monstres.php?vo=satyr,0.5,fey,Medium,14,31,,12.0,16.0,11.0,12.0,10.0,14.0,No,No
scorpion,https://www.aidedd.org/dnd/monstres.php?vo=scorpion,0.0,beast,Tiny,11,1,,2.0,11.0,8.0,1.0,8.0,2.0,No,No
scout,https://www.aidedd.org/dnd/monstres.php?vo=scout,0.5,humanoid (any race),Medium,13,16,,11.0,14.0,12.0,11.0,13.0,11.0,No,No
sea-hag,https://www.aidedd.org/dnd/monstres.php?vo=sea-hag,2.0,fey,Medium,14,52,,16.0,13.0,16.0,12.0,12.0,13.0,No,No
sea-horse,https://www.aidedd.org/dnd/monstres.php?vo=sea-horse,0.0,beast,Tiny,11,1,,1.0,12.0,8.0,1.0,10.0,2.0,No,No
shadow,https://www.aidedd.org/dnd/monstres.php?vo=shadow,0.5,undead,Medium,12,16,,6.0,14.0,13.0,6.0,10.0,8.0,No,No
shadow-demon,https://www.aidedd.org/dnd/monstres.php?vo=shadow-demon,4.0,fiend (demon),Medium,13,66,,1.0,17.0,12.0,14.0,13.0,14.0,Yes,No
shambling-mound,https://www.aidedd.org/dnd/monstres.php?vo=shambling-mound,5.0,plant,Large,15,136,,18.0,8.0,16.0,5.0,10.0,5.0,No,No
shield-guardian,https://www.aidedd.org/dnd/monstres.php?vo=shield-guardian,7.0,construct,Large,17,142,,18.0,8.0,18.0,7.0,10.0,3.0,No,No
shrieker,https://www.aidedd.org/dnd/monstres.php?vo=shrieker,0.0,plant,Medium,5,13,,1.0,1.0,10.0,1.0,3.0,1.0,No,No
sibriex,https://www.aidedd.org/dnd/monstres.php?vo=sibriex,18.0,fiend (demon),Huge,19,150,Legendary,10.0,3.0,23.0,25.0,24.0,25.0,Yes,No
silver-dragon-wyrmling,https://www.aidedd.org/dnd/monstres.php?vo=silver-dragon-wyrmling,2.0,dragon,Medium,17,45,,19.0,10.0,17.0,12.0,11.0,15.0,Yes,No
skeleton,https://www.aidedd.org/dnd/monstres.php?vo=skeleton,0.25,undead,Medium,13,13,,10.0,14.0,15.0,6.0,8.0,5.0,No,No
slithering-tracker,https://www.aidedd.org/dnd/monstres.php?vo=slithering-tracker,3.0,ooze,Medium,14,32,,16.0,19.0,15.0,10.0,14.0,11.0,No,No
smoke-mephit,https://www.aidedd.org/dnd/monstres.php?vo=smoke-mephit,0.25,elemental,Small,12,22,,6.0,14.0,12.0,10.0,10.0,11.0,Yes,No
solar,https://www.aidedd.org/dnd/monstres.php?vo=solar,21.0,celestial,Large,21,243,Legendary,26.0,22.0,26.0,25.0,25.0,30.0,Yes,No
spectator,https://www.aidedd.org/dnd/monstres.php?vo=spectator,3.0,aberration,Medium,14,39,,8.0,14.0,14.0,13.0,14.0,11.0,Yes,No
specter,https://www.aidedd.org/dnd/monstres.php?vo=specter,1.0,undead,Medium,12,22,,1.0,14.0,11.0,10.0,10.0,11.0,Yes,No
spider,https://www.aidedd.org/dnd/monstres.php?vo=spider,0.0,beast,Tiny,12,1,,2.0,14.0,8.0,1.0,10.0,2.0,No,No
spirit-naga,https://www.aidedd.org/dnd/monstres.php?vo=spirit-naga,8.0,monstrosity,Large,15,75,,18.0,17.0,14.0,16.0,15.0,16.0,No,No
sprite,https://www.aidedd.org/dnd/monstres.php?vo=sprite,0.25,fey,Tiny,15,2,,3.0,18.0,10.0,14.0,13.0,11.0,Yes,No
spy,https://www.aidedd.org/dnd/monstres.php?vo=spy,1.0,humanoid (any race),Medium,12,27,,10.0,15.0,10.0,12.0,14.0,16.0,No,No
steam-mephit,https://www.aidedd.org/dnd/monstres.php?vo=steam-mephit,0.25,elemental,Small,10,21,,5.0,11.0,10.0,11.0,10.0,12.0,Yes,No
stirge,https://www.aidedd.org/dnd/monstres.php?vo=stirge,0.125,beast,Tiny,14,2,,4.0,16.0,11.0,2.0,8.0,6.0,Yes,No
stone-giant,https://www.aidedd.org/dnd/monstres.php?vo=stone-giant,7.0,giant,Huge,17,126,,23.0,15.0,20.0,10.0,12.0,9.0,No,No
stone-giant-dreamwalker,https://www.aidedd.org/dnd/monstres.php?vo=stone-giant-dreamwalker,10.0,giant (stone giant),Huge,18,161,,23.0,14.0,21.0,10.0,8.0,12.0,No,No
stone-golem,https://www.aidedd.org/dnd/monstres.php?vo=stone-golem,10.0,construct,Large,17,178,,22.0,9.0,20.0,3.0,11.0,1.0,No,No
storm-giant,https://www.aidedd.org/dnd/monstres.php?vo=storm-giant,13.0,giant,Huge,16,230,,29.0,14.0,20.0,16.0,18.0,18.0,No,No
succubus,https://www.aidedd.org/dnd/monstres.php?vo=succubus,4.0,fiend (shapechanger),Medium,15,66,,8.0,17.0,13.0,15.0,12.0,20.0,Yes,No
swarm-of-bats,https://www.aidedd.org/dnd/monstres.php?vo=swarm-of-bats,0.25,swarm of Tiny beasts,Medium,12,22,,5.0,15.0,10.0,2.0,12.0,4.0,Yes,No
swarm-of-insects,https://www.aidedd.org/dnd/monstres.php?vo=swarm-of-insects,0.5,swarm of Tiny beasts,Medium,12,22,,3.0,13.0,10.0,1.0,7.0,1.0,No,No
swarm-of-poisonous-snakes,https://www.aidedd.org/dnd/monstres.php?vo=swarm-of-poisonous-snakes,2.0,swarm of Tiny beasts,Medium,14,36,,8.0,18.0,11.0,1.0,10.0,3.0,No,No
swarm-of-quippers,https://www.aidedd.org/dnd/monstres.php?vo=swarm-of-quippers,1.0,swarm of Tiny beasts,Medium,13,28,,13.0,16.0,9.0,1.0,7.0,2.0,No,No
swarm-of-rats,https://www.aidedd.org/dnd/monstres.php?vo=swarm-of-rats,0.25,swarm of Tiny beasts,Medium,10,24,,9.0,11.0,9.0,2.0,10.0,3.0,No,No
swarm-of-ravens,https://www.aidedd.org/dnd/monstres.php?vo=swarm-of-ravens,0.25,swarm of Tiny beasts,Medium,12,24,,6.0,14.0,8.0,3.0,12.0,6.0,Yes,No
swarm-of-rot-grubs,https://www.aidedd.org/dnd/monstres.php?vo=swarm-of-rot-grubs,0.5,swarm of Tiny beasts,Medium,8,22,,2.0,7.0,10.0,1.0,2.0,1.0,No,No
tanarukk,https://www.aidedd.org/dnd/monstres.php?vo=tanarukk,5.0,"fiend (demon, orc)",Medium,14,95,,18.0,13.0,20.0,9.0,9.0,9.0,No,No
tarrasque,https://www.aidedd.org/dnd/monstres.php?vo=tarrasque,30.0,monstrosity (titan),Gargantuan,25,676,Legendary,30.0,11.0,30.0,3.0,11.0,11.0,No,No
thug,https://www.aidedd.org/dnd/monstres.php?vo=thug,0.5,humanoid (any race),Medium,11,32,,15.0,11.0,14.0,10.0,10.0,11.0,No,No
tiger,https://www.aidedd.org/dnd/monstres.php?vo=tiger,1.0,beast,Large,12,37,,17.0,15.0,14.0,3.0,12.0,8.0,No,No
treant,https://www.aidedd.org/dnd/monstres.php?vo=treant,9.0,plant,Huge,16,138,,23.0,8.0,21.0,12.0,16.0,12.0,No,No
tribal-warrior,https://www.aidedd.org/dnd/monstres.php?vo=tribal-warrior,0.125,humanoid (any race),Medium,12,11,,13.0,11.0,12.0,8.0,11.0,8.0,No,No
triceratops,https://www.aidedd.org/dnd/monstres.php?vo=triceratops,5.0,beast,Huge,13,95,,22.0,9.0,17.0,2.0,11.0,5.0,No,No
troglodyte,https://www.aidedd.org/dnd/monstres.php?vo=troglodyte,0.25,humanoid (troglodyte),Medium,11,13,,14.0,10.0,14.0,6.0,10.0,6.0,No,No
troll,https://www.aidedd.org/dnd/monstres.php?vo=troll,5.0,giant,Large,15,84,,18.0,13.0,20.0,7.0,9.0,7.0,No,No
twig-blight,https://www.aidedd.org/dnd/monstres.php?vo=twig-blight,0.125,plant,Small,13,4,,6.0,13.0,12.0,4.0,8.0,3.0,No,No
tyrannosaurus-rex,https://www.aidedd.org/dnd/monstres.php?vo=tyrannosaurus-rex,8.0,beast,Huge,13,136,,25.0,10.0,19.0,2.0,12.0,9.0,No,No
umber-hulk,https://www.aidedd.org/dnd/monstres.php?vo=umber-hulk,5.0,monstrosity,Large,18,93,,20.0,13.0,16.0,9.0,10.0,10.0,No,No
unicorn,https://www.aidedd.org/dnd/monstres.php?vo=unicorn,5.0,celestial,Large,12,67,Legendary,18.0,14.0,15.0,11.0,17.0,16.0,No,No
vampire,https://www.aidedd.org/dnd/monstres.php?vo=vampire,13.0,undead (shapechanger),Medium,16,144,Legendary,18.0,18.0,18.0,17.0,15.0,18.0,No,No
vampire-spawn,https://www.aidedd.org/dnd/monstres.php?vo=vampire-spawn,5.0,undead,Medium,15,82,,16.0,16.0,16.0,11.0,10.0,12.0,No,No
venerable-shadow,https://www.aidedd.org/dnd/monstres.php?vo=venerable-shadow,2.0,undead,Medium,13,27,,6.0,16.0,13.0,6.0,12.0,10.0,No,No
veteran,https://www.aidedd.org/dnd/monstres.php?vo=veteran,3.0,humanoid (any race),Medium,17,58,,16.0,13.0,14.0,10.0,11.0,10.0,No,No
violet-fungus,https://www.aidedd.org/dnd/monstres.php?vo=violet-fungus,0.25,plant,Medium,5,18,,3.0,1.0,10.0,1.0,3.0,1.0,No,No
vrock,https://www.aidedd.org/dnd/monstres.php?vo=vrock,6.0,fiend (demon),Large,15,104,,17.0,15.0,18.0,8.0,13.0,8.0,Yes,No
vulture,https://www.aidedd.org/dnd/monstres.php?vo=vulture,0.0,beast,Medium,10,5,,7.0,10.0,13.0,2.0,12.0,4.0,Yes,No
warhorse,https://www.aidedd.org/dnd/monstres.php?vo=warhorse,0.5,beast,Large,11,19,,18.0,12.0,13.0,2.0,12.0,7.0,No,No
warhorse-skeleton,https://www.aidedd.org/dnd/monstres.php?vo=warhorse-skeleton,0.5,undead,Large,13,22,,18.0,12.0,15.0,2.0,8.0,5.0,No,No
water-elemental,https://www.aidedd.org/dnd/monstres.php?vo=water-elemental,5.0,elemental,Large,14,114,,18.0,14.0,18.0,5.0,10.0,8.0,No,No
water-weird,https://www.aidedd.org/dnd/monstres.php?vo=water-weird,3.0,elemental,Large,13,58,,17.0,16.0,13.0,11.0,10.0,10.0,No,No
weasel,https://www.aidedd.org/dnd/monstres.php?vo=weasel,0.0,beast,Tiny,13,1,,3.0,16.0,8.0,2.0,12.0,3.0,No,No
werebear,https://www.aidedd.org/dnd/monstres.php?vo=werebear,5.0,"humanoid (human, shapechanger)",Medium,10,135,,19.0,10.0,17.0,11.0,12.0,12.0,No,No
wereboar,https://www.aidedd.org/dnd/monstres.php?vo=wereboar,4.0,"humanoid (human, shapechanger)",Medium,10,78,,17.0,10.0,15.0,10.0,11.0,8.0,No,No
wererat,https://www.aidedd.org/dnd/monstres.php?vo=wererat,2.0,"humanoid (human, shapechanger)",Medium,12,33,,10.0,15.0,12.0,11.0,10.0,8.0,No,No
weretiger,https://www.aidedd.org/dnd/monstres.php?vo=weretiger,4.0,"humanoid (human, shapechanger)",Medium,12,120,,17.0,15.0,16.0,10.0,13.0,11.0,No,No
werewolf,https://www.aidedd.org/dnd/monstres.php?vo=werewolf,3.0,"humanoid (human, shapechanger)",Medium,11,58,,15.0,13.0,14.0,10.0,11.0,10.0,No,No
white-dragon-wyrmling,https://www.aidedd.org/dnd/monstres.php?vo=white-dragon-wyrmling,2.0,dragon,Medium,16,32,,14.0,10.0,14.0,5.0,10.0,11.0,Yes, swim
wight,https://www.aidedd.org/dnd/monstres.php?vo=wight,3.0,undead,Medium,14,45,,15.0,14.0,16.0,10.0,13.0,15.0,No,No
wild-dog,https://www.aidedd.org/dnd/monstres.php?vo=wild-dog,0.125,beast,Medium,12,5,,13.0,14.0,12.0,3.0,12.0,7.0,No,No
wild-dog-alpha,https://www.aidedd.org/dnd/monstres.php?vo=wild-dog-alpha,1.0,beast,Large,12,26,,17.0,15.0,13.0,3.0,12.0,8.0,No,No
will-o--wisp,https://www.aidedd.org/dnd/monstres.php?vo=will-o--wisp,2.0,undead,Tiny,19,22,,1.0,28.0,10.0,13.0,14.0,11.0,Yes,No
winged-kobold,https://www.aidedd.org/dnd/monstres.php?vo=winged-kobold,0.25,humanoid (kobold),Small,13,7,,7.0,16.0,9.0,8.0,7.0,8.0,Yes,No
winter-wolf,https://www.aidedd.org/dnd/monstres.php?vo=winter-wolf,3.0,monstrosity,Large,13,75,,18.0,13.0,14.0,7.0,12.0,8.0,No,No
wolf,https://www.aidedd.org/dnd/monstres.php?vo=wolf,0.25,beast,Medium,13,11,,12.0,15.0,12.0,3.0,12.0,6.0,No,No
worg,https://www.aidedd.org/dnd/monstres.php?vo=worg,0.5,monstrosity,Large,13,26,,16.0,13.0,13.0,7.0,11.0,8.0,No,No
wraith,https://www.aidedd.org/dnd/monstres.php?vo=wraith,5.0,undead,Medium,13,67,,6.0,16.0,16.0,12.0,14.0,15.0,Yes,No
wyvern,https://www.aidedd.org/dnd/monstres.php?vo=wyvern,6.0,dragon,Large,13,110,,19.0,10.0,16.0,5.0,12.0,6.0,Yes,No
xorn,https://www.aidedd.org/dnd/monstres.php?vo=xorn,5.0,elemental,Medium,19,73,,17.0,10.0,22.0,11.0,10.0,11.0,No,No
yeti,https://www.aidedd.org/dnd/monstres.php?vo=yeti,3.0,monstrosity,Large,12,51,,18.0,13.0,16.0,8.0,12.0,7.0,No,No
young-black-dragon,https://www.aidedd.org/dnd/monstres.php?vo=young-black-dragon,7.0,dragon,Large,18,127,,19.0,14.0,17.0,12.0,11.0,15.0,Yes, swim
young-blue-dragon,https://www.aidedd.org/dnd/monstres.php?vo=young-blue-dragon,9.0,dragon,Large,18,152,,21.0,10.0,19.0,14.0,13.0,17.0,Yes,No
young-brass-dragon,https://www.aidedd.org/dnd/monstres.php?vo=young-brass-dragon,6.0,dragon,Large,17,110,,19.0,10.0,17.0,12.0,11.0,15.0,Yes,No
young-bronze-dragon,https://www.aidedd.org/dnd/monstres.php?vo=young-bronze-dragon,8.0,dragon,Large,18,142,,21.0,10.0,19.0,14.0,13.0,17.0,Yes, swim
young-copper-dragon,https://www.aidedd.org/dnd/monstres.php?vo=young-copper-dragon,7.0,dragon,Large,17,119,,19.0,12.0,17.0,16.0,13.0,15.0,Yes,No
young-gold-dragon,https://www.aidedd.org/dnd/monstres.php?vo=young-gold-dragon,10.0,dragon,Large,18,178,,23.0,14.0,21.0,16.0,13.0,20.0,Yes, swim
young-green-dragon,https://www.aidedd.org/dnd/monstres.php?vo=young-green-dragon,8.0,dragon,Large,18,136,,19.0,12.0,17.0,16.0,13.0,15.0,Yes, swim
young-red-dragon,https://www.aidedd.org/dnd/monstres.php?vo=young-red-dragon,10.0,dragon,Large,18,178,,23.0,10.0,21.0,14.0,11.0,19.0,Yes,No
young-silver-dragon,https://www.aidedd.org/dnd/monstres.php?vo=young-silver-dragon,9.0,dragon,Large,18,168,,23.0,10.0,21.0,14.0,11.0,19.0,Yes,No
young-white-dragon,https://www.aidedd.org/dnd/monstres.php?vo=young-white-dragon,6.0,dragon,Large,17,133,,18.0,10.0,18.0,6.0,11.0,12.0,Yes, swim
yuan-ti-abomination,https://www.aidedd.org/dnd/monstres.php?vo=yuan-ti-abomination,7.0,"monstrosity (shapechanger, yuan-ti)",Large,15,127,,19.0,16.0,17.0,17.0,15.0,18.0,No,No
yuan-ti-malison,https://www.aidedd.org/dnd/monstres.php?vo=yuan-ti-malison,3.0,"monstrosity (shapechanger, yuan-ti)",Medium,12,66,,16.0,14.0,13.0,14.0,12.0,16.0,No,No
yuan-ti-nightmare-speaker,https://www.aidedd.org/dnd/monstres.php?vo=yuan-ti-nightmare-speaker,4.0,"monstrosity (shapechanger, yuan-ti)",Medium,14,71,,16.0,14.0,13.0,14.0,12.0,16.0,No,No
yuan-ti-pureblood,https://www.aidedd.org/dnd/monstres.php?vo=yuan-ti-pureblood,1.0,humanoid (yuan-ti),Medium,11,40,,11.0,12.0,11.0,13.0,12.0,14.0,No,No
zariel,https://www.aidedd.org/dnd/monstres.php?vo=zariel,26.0,fiend (devil),Large,21,580,Legendary,27.0,24.0,28.0,26.0,27.0,30.0,Yes,No
zombie,https://www.aidedd.org/dnd/monstres.php?vo=zombie,0.25,undead,Medium,8,22,,13.0,6.0,16.0,3.0,6.0,5.0,No,No
